<?xml version="1.0" encoding="UTF-8"?>
<ram-component manifest-version="2.0"
               name="ModelerModule" version="8" release="5" clevel="14">
    <description>
        <![CDATA[]]>
    </description>
    <dependencies>
    </dependencies>
    <contributors>
    </contributors>
    <metamodels>
      <metamodel name="Standard" version="1.0.9026"/>
    </metamodels>
    <roots>
      <root metaclass="ModuleComponent" name="ModelerModule" uuid="00000000-0000-2710-0000-000000000000"></root>
    </roots>
</ram-component>