{"fmus":{"{3DVisualisation}":"","{Controller}":"","{Sensor2}":"","{Sensor1}":"","{Body}":""},"connections":{"{Sensor2}.sRight.lf_1_sensor_reading":["{3DVisualisation}.3D.sensor.lf.right.reading","{Controller}.c.lfRightVal"],"{Controller}.c.servoRightVal":["{Body}.b.servo_right_input"],"{Body}.b.robot_theta":["{Sensor1}.sLeft.robot_theta","{Sensor2}.sRight.robot_theta"],"{Body}.b.robot_y":["{Sensor1}.sLeft.robot_y","{Sensor2}.sRight.robot_y","{3DVisualisation}.3D.robot.position.y"],"{Body}.b.robot_z":["{Sensor1}.sLeft.robot_z","{Sensor2}.sRight.robot_z","{3DVisualisation}.3D.robot.angle.z"],"{Controller}.c.servoLeftVal":["{Body}.b.servo_left_input"],"{Body}.b.robot_x":["{Sensor1}.sLeft.robot_x","{Sensor2}.sRight.robot_x","{3DVisualisation}.3D.robot.position.x"],"{Sensor1}.sLeft.lf_1_sensor_reading":["{3DVisualisation}.3D.sensor.lf.left.reading","{Controller}.c.lfLeftVal"]},"parameters":{"{Sensor2}.sRight.lf_position_y":0.0,"{Sensor2}.sRight.lf_position_x":0.0,"{Controller}.c.backwardRotate":0.1,"{Controller}.c.forwardSpeed":0.4,"{Controller}.c.forwardRotate":0.5,"{Sensor1}.sLeft.lf_position_x":0.0,"{Sensor1}.sLeft.lf_position_y":0.0}}