{"fmus":{"{Controller}":"","{Sensor2}":"","{Sensor1}":"","{Body}":""},"connections":{"{Sensor2}.sensor2.lf_1_sensor_reading":["{Controller}.controller.lfRightVal"],"{Body}.body.robot_theta":["{Sensor1}.sensor1.robot_theta","{Sensor2}.sensor2.robot_theta"],"{Sensor1}.sensor1.lf_1_sensor_reading":["{Controller}.controller.lfLeftVal"],"{Controller}.controller.servoLeftVal":["{Body}.body.servo_left_input"],"{Body}.body.robot_y":["{Sensor1}.sensor1.robot_y","{Sensor2}.sensor2.robot_y"],"{Body}.body.robot_z":["{Sensor1}.sensor1.robot_z","{Sensor2}.sensor2.robot_z"],"{Controller}.controller.servoRightVal":["{Body}.body.servo_right_input"],"{Body}.body.robot_x":["{Sensor1}.sensor1.robot_x","{Sensor2}.sensor2.robot_x"]},"parameters":{"{Controller}.controller.forwardSpeed":0.4,"{Controller}.controller.forwardRotate":0.5,"{Sensor2}.sensor2.lf_position_y":0.0,"{Controller}.controller.backwardRotate":0.1,"{Sensor1}.sensor1.lf_position_y":0.0,"{Sensor1}.sensor1.lf_position_x":0.0,"{Sensor2}.sensor2.lf_position_x":0.0}}