<?xml version="1.0" encoding="UTF-8"?>
<ram-component manifest-version="2.0"
               name="INTOCPS" version="0" release="0" clevel="0">
    <description>
        <![CDATA[]]>
    </description>
    <dependencies>
    </dependencies>
    <contributors>
    </contributors>
    <metamodels>
      <metamodel name="Standard" version="1.0.9026"/>
    </metamodels>
    <roots>
      <root metaclass="ModuleComponent" name="INTOCPS" uuid="b9a03ce9-41b6-4c75-8db4-99022e752252"></root>
    </roots>
</ram-component>